Confirmed,Source,KOR
O,"—— 未解锁 ——","—미개방—"
O,"—章节结束—","—챕터 종료—"
,"※不限次代理作战已开启","※ 무제한 대리작전 개시"
,"※以达到满级的升星战姬和3星机兵为目标进行一键升星。通过指定的优先顺序和额外设定来确认一键升星的目标后，点击升星按钮，所选的战姬将全部升星。","※ 만렙 승성전희와 3성 기병을 목표로 원터치 승성을 한다.지정한 우선순위와 추가 설정을 통해 승성의 목표를 확인한 후 승성 버튼을 클릭하면 선택한 전희는 모두 별을 뜬다."
,"※兑换时间：从 2020.12.22 11:00 - 2020.12.23 12:00 为止","※ 교환기간: 2020.12.22 11:00 - 2020.12.23 12:00까지"
,"※前回苍晶属性有利","※ 이전 회차 창정 속성이 유리합니다"
,"※只能选择部位与星级均相同的装备作为素材装备","※ 소재 장비는 부위와 별 모두 같은 장비만 선택 가능"
,"※可能因为多种原因切换频道失败","※ 여러 가지 이유로 채널을 전환하는 데 실패할 수 있습니다"
,"※技能按照1、2、3的顺序释放（普攻之后的技能将无法自动施放）","※ 스킬은 1, 2, 3순위로 방출됩니다(보습 후 스킬은 자동으로 실행되지 않습니다)"
,"※拖动角色框可以快捷换位","※캐릭터 프레임을 끌어당기면 빠르게 위치를 바꿀 수 있습니다"
,"※未获得道具","※아이템 미취득"
O,"※点击任意处关闭","※ 임의의 위치를 탭하여 닫기"
O,"※点击任意空白处关闭","※ 임의의 여백을 탭하여 닫기"
O,"※点击技能可以查看详情","※ 스킬 클릭으로 자세한 정보 보기"
O,"※点击技能可查看详情","※ 스킬 클릭으로 자세한 정보 보기"
O,"※点击空白处关闭","※ 여백을 탭하여 닫기"
,"※相同战姬同时可以作为升级、升星素材","※ 동일 전희는 업그레이드, 승성 소재도 가능"
,"※该装备没有词条","※ 이 장비는 표제어가 없습니다"
,"※ 以上两种指令只能选择一种激活","※ 위의 두 가지 명령어는 한 가지 활성화만 선택할 수 있습니다."
,"※ 允许接收好友申请","※ 친구 신청 접수 허용"
O,"※ 如下载数据超过50MB，则建议您在Wi-Fi环境下完成下载。","※ 다운로드 데이터가 50MB 이상이면, Wifi 환경에서 다운로드하는 것을 권장합니다."
O,"※ 完成对应声望的任务可积累声望值","※ 각 명성에 대응하는 임무를 완료하면 명성치를 쌓을 수 있습니다"
O,"※ 将追加下载数据。","※ 데이터를 추가 다운로드 합니다."
O,"※ 当前为消耗 2倍 的体力，每场战斗获将获得 2回 收益","※ 체력을 2배 소비함으로서, 전투로 획득하는 보상이 2배가 됩니다"
O,"※ 当前处于Wi-Fi环境下，继续下载将不会使用您的流量。","※ Wi-Fi를 연결하고 다운로드하시면 데이터를 사용하지 않습니다"
O,"※ 当前未在Wi-Fi环境下，继续下载将会使用您的流量。","※ Wi-Fi를 연결하지 않은체로 계속 다운로드하시면 데이터를 사용합니다"
O,"※ 当天未登录则无法获得奖励","※ 로그인하지 않으면 보상을 획득할 수 없습니다"
O,"※ 当天未登陆则无法获得奖励","※ 로그인하지 않으면 보상을 획득할 수 없습니다"
,"※ 新人每日招募证累计可获得特殊任用许可","※신인 일일모집증 누적으로는 특수임용허가를 받을 수 있습니다."
,"※ 每周日零点至周一五点将进行演习结算，届时将无法进行演习","※ 매주 일요일 0시~주15시 훈련 결산...훈련 불가능"
O,"《机动战姬：聚变》运营团队","《기동전희: 집변》 운영진"
,"「舰队起航」 纽带指令经验获取途径","함대 출항 유대 명령어 경험 획득 경로"
O,"【信息】","【정보】"
O,"【您没有活动CG收藏】","【이벤트 CG 컬렉션이 존재하지 않습니다】"
,"【方寸】词条完成度","【방촌】표제어 완성도"
,"【暂未有内容，请继续进行游戏】","【내용이 없습니다, 게임을 계속 진행하십시오.】"
O,"【黑胶炸鸡】","【블랙페퍼 치킨】"
,"一个","한 개"
,"一个简短","간단명료하다"
,"一个简短的介绍一个简短的介绍一个简短的介绍一个简短的介绍一个简短的介绍一个简短的介绍一个简短的介绍一个简短的介绍一个简短的介绍一个简短的介绍一","짤막한 소개 하나 짤막한 소개 하나 짤막한 소개 하나 짤막한 소개 하나 짤막한 소개 하나, 짤막한 소개 하나, 짤막한 소개 하나, 짤막한 소개 하나."
,"一二三四五上山打老虎老虎没打着大招小松鼠松鼠对我说一二三四一二三四五上山打老虎老虎没打着大招小松鼠松鼠对我说一二三四一二三四五上山打老虎老虎没打着大招小松鼠松鼠对我说一二三四一二三四五上山打老虎老虎没打着大招小松鼠松鼠对我说一二三四","하나, 둘, 셋, 넷, 넷, 넷, 넷, 넷, 넷, 넷, 넷, 넷, 넷, 넷, 넷, 넷, 넷, 넷, 넷, 넷, 넷, 네, 네, 네, 네, 네, 네, 네, 네, 네, 네, 네, 네, 네, 네, 네, 네, 네, 네, 네, 네, 네, 네, 네, 네, 네, 네, 네, 네, 네, 네, 네, 네, 네, 네, 네, 네, 네, 네, 네, 네, 네, 네."
,"一二三四五六七八九十一二三四五六七八九十一二三四五六七八九十一二三四五六七八九十一二三四五六七八九十一二三四五六七八九十一二三四五六七八九十","하나, 둘, 셋, 넷, 다섯, 여덟, 아홉, 십, 일, 넷, 넷, 여덟, 열, 넷, 넷, 넷, 여덟, 열, 넷, 넷, 넷, 넷, 여덟, 열, 넷, 넷, 넷, 넷, 여덟, 열, 넷, 넷, 넷, 여덟, 열, 넷, 넷, 넷, 넷, 넷, 넷, 여덟, 열, 넷, 넷, 넷, 넷, 여덟, 넷, 넷, 넷, 넷, 넷, 넷, 넷, 넷, 넷"
,"一二三四五六七","하나, 둘, 셋, 넷, 다섯, 여섯 일곱"
,"一二三四五六七八九十一二三四五六七八九十一二三四五六七八九十一二三四五六七八九十","하나, 둘, 셋, 넷, 다섯, 여덟, 아홉, 십, 일, 둘, 셋, 넷, 넷, 넷, 여덟, 아홉, 열, 넷, 넷, 넷, 여덟, 아홉, 넷, 넷, 넷, 여덟, 아홉, 아홉, 넷, 넷, 여덟, 아홉,"
,"一二三四...","하나, 둘, 셋, 넷..."
,"一击必杀斩舰刀","일격필살참수도"
,"一句话描述当前状况，增加带入感","한 마디로 현재의 상황을 묘사하여, 흡입감을 높이다"
,"一大箱宝石","보석 한 상자"
,"一键升星","원터치 별"
,"一键填充","원터치 충전"
,"一键添加","원터치 추가"
O,"一键领取","일괄 수령"
,"七天人","칠일 동안"
,"七天刃","칠천날"
,"七天刃 ","칠천날"
,"七日登陆","칠일 상륙"
,"七武士","칠무사"
,"万","만"
O,"三星及以上","3성 이상"
O,"三星战姬","3성 전희"
,"上任日期","부임 날짜"
,"上次在线 -","지난번 온라인 -"
,"上次排名","지난번 순위"
,"上阵","싸움터로 나가다"
,"下一步","다음"
,"下一点能量恢复:","다음 에너지 회복:"
,"下个心碎片还需","다음 조각이 필요해"
,"下次更新商品列表","다음 업데이트 상품 목록"
,"下次更新商品列表的时间为","다음 상품 리스트 업데이트 시간은"
,"下载","다운로드"
,"不可升级","업그레이드 불가"
,"不可恢复","회복 불능"
,"不可用","사용할 수 없음"
,"不选择锁定的战姬","잠금된 전희를 선택하지 않음"
,"不错，前去给予好评！","그래, 가서 호평해!"
,"不   可   用","사용할 수 없다"
,"世界","세계"
,"东云","동운"
O,"东方之珠区域探索","동방의 진주 구역 탐사"
,"个人专长","특기"
,"个人信息","개인 정보"
,"个人排名","개인 순위"
,"个人故事","개인 이야기"
,"中国音数协拟按照“点线面体”的实施原则，分步骤推进适龄提示标准中国音数协拟按照“点线面体”的实施原则，分步骤推进适龄提示标准中国音数协拟按照“点线面体”的实施原则，分步骤推进适龄提示标准中国音数协拟按照“点线面体”的实施原则，分步骤推进适龄提示标准中国音数协拟按照“点线面体”的实施原则，分步骤推进适龄提示标准中国音数协拟按照“点线面体”的实施原则，分步骤推进适龄提示标准中国音数协拟按照“点线面体”的实施原则，分步骤推进适龄提示标准中国音数协拟按照“点线面体”的实施原则，分步骤推进适龄提示标准中国音数协拟按照“点线面体”的实施原则，分步骤推进适龄提示标准中国音数协拟按照“点线面体”的实施原则，分步骤推进适龄提示标准中国音数协拟按照“点线面体”的实施原则，分步骤推进适龄提示标准中国音数协拟按照“点线面体”","중국음수협은 '점선면체'의 실시원칙에 따라, 단계별 추진적령제시표준중국음수협은 '점선면체'의 실시원칙에 따라, '점선면체제시표준적령제시표준중국음수협은 '점선면체제시표준적령제시표준적령제시표준중국음수협'의 실시원칙에 따라, 단계별 추진적령제시범위인 중국음수협은 '점선면체'의 실시원칙적령제시범칙에 따라 추진된다.점선면체“"
,"中将二阶","중장 이계"
,"中断战斗将无法获得该场战斗的奖励","전투를 중단하면 그 전투의 장려를 얻을 수 없을 것이다."
,"中","중"
O,"中断战斗","전투 중단"
,"为夜莺","위야앵"
,"主动技能","능동 기능"
,"主属性将删除","주 속성이 삭제됩니다"
O,"主线剧情","메인스토리"
,"主线","본줄"
O,"主线CG","메인 CG"
,"主要奖励","주요 포상"
,"主要属性:","주요 속성:"
,"主要属性","주요 속성"
,"主要属性：","주요 속성:"
,"主要报酬","주보수"
,"主要装备","주요 장비"
,"举报玩家","제보 플레이어"
,"之后不再提示","이후 더 이상 알림 없음"
,"也许从其他人看来只是毫无意义的去死，但对于奥托露娜的骑士来说","남들이 보기엔 그저 의미 없는 죽음으로 보일지 몰라도 오토루나의 기사에게는"
,"也许我只是一条没有什么前途的提示信息，3秒后就要消失","아마도 나는 비전이 없는 메시지일 뿐, 3초 후면 사라질 것이다."
,"书籍","책"
,"买了！","샀다!"
,"了解清楚文章生成器到底是一种怎么样的存在解决一切问题的关键","문장 생성기가 도대체 어떤 존재인지 정확히 파악하여 모든 문제를 해결하는 관건이 된다"
,"二十四岁是","24살은"
,"二十四","이십사"
,"二十四岁","스물네 살"
,"二十四岁是学生","24살은 학생이다."
,"二十四岁是学生D","24살은 학생 D이다."
,"二十四岁,是学生","24살에 학생이다"
,"云冠群岛","운관군도"
,"五星及以上","별 다섯 개 이상"
,"五星战姬","오성전희"
,"交换已在编队中战姬的站位","이미 편대에서 전희의 입석을 교환하다"
,"人数","인원수"
,"人身攻击","인신공격"
,"仅限一次","한 번만"
,"今后不再提示","금후 더 이상 제시하지 않겠다"
O,"今日不再弹出","오늘 그만 보기"
,"今日不再提示","오늘 더 이상 알림 없음"
,"今日剩余","금일 잔여 횟수"
,"今日可捐献次数","금일 기부 가능 횟수"
,"今日已捐款","오늘 이미 기부했다."
,"今日已捐献","오늘 이미 헌납했다"
,"介绍内容内容内容内容内容内容内容内容内容内容内容内容内容内容内容容内容内容内容容内容内容内容容内容内容内容","내용 내용 내용 내용 내용 내용 내용 내용 내용 내용 내용 내용 내용 내용 내용 내용 내용 내용 내용 내용 내용 내용 내용 내용 내용 내용 내용 내용 내용 내용 내용 내용 내용 내용 내용 내용 소개"
,"介绍文字","소개 문자"
,"介绍：","소개:"
,"从图里挖出了……未知的漂流瓶！","그림에서 꺼냈습니다…알 수 없는 표류병!"
,"从高等级战姬开始升星","고급 전희부터 별을 따다"
O,"仓库","창고"
O,"仓库容量增加","창고 용량 증가"
,"付费7500","유료 7500"
,"代理作战结束","대리 작전 종료"
,"代理作战","대리 작전"
,"以下战姬","이하 전희"
,"任务已过期","임무가 만료되었습니다"
,"任务","임무"
,"任务名字","임무 명칭"
,"任务完成","임무 완료"
,"任务开始","임무 시작"
,"任务描述任务描述任务描述
任务描述任务描述","작업 설명 작업 설명 작업 설명
작업 설명 작업 설명"
,"任务文案","임무 문안"
,"任务条件","임무 조건"
,"任务目标","임무 목표"
,"任务简报","임무 브리핑"
,"任务系统","임무 시스템"
,"任务详情","임무 상세 정보"
,"仿生蝾螈","방생 도롱뇽"
,"伏尔泰在不经意间这样说过","볼테르는 무심코 이렇게 말했다."
,"优先使用升星战姬","승성전희 우선 사용"
,"优先攻击精英","우선 공격 엘리트"
,"优先目标","우선 목표"
,"优雷卡 恒冰之地","유레카 빙상지"
,"会进行重新随机，输入YES确认操作。","다시 무작위로 YES를 입력하여 확인 작업을 진행합니다."
,"会长的名字八个字","회장의 이름은 여덟 자이다."
,"传播有害信息","유해 정보를 퍼뜨리다"
,"传说","전설"
O,"伤害","피해"
,"伤害加成","상해 가산"
,"伤害奖励","상해 장려"
O,"伤害提升30%","피해량 +30%"
O,"伤害量增加5%","피해량 +5%"
,"似乎","마치"
,"但我们还有任务尚未完成，请尽快返回战场吧！","그러나 아직 미완성이 남아 있으니 가능한 한 빨리 전장으로 돌아가 주십시오!"
,"位置航点","위치항로"
,"位置01","위치 01"
,"低","낮다"
,"低阶预想","낮은 등급의 예상."
,"体力","체력"
,"体力上限","체력 상한선"
,"体验关卡不能更换队员","관문, 선수 교체 불가 체험"
,"作战人员","전투원"
,"作战信息","작전 정보"
,"作战开启时间","작전 개시 시간"
,"作战情报","작전 정보"
,"佩戴者 ON","착용자 ON"
,"佩戴者ON","착용자 ON"
,"使用钻石购买 50体力","다이아몬드로 체력 50 구매"
O,"使用","사용"
O,"使用中","사용 중"
O,"使用体力","체력 사용"
,"使用微信登录","위챗으로 로그인하기"
,"使用推荐战姬可获得加成：","추천 전희를 사용하면 추가 할당을 받을 수 있습니다:"
,"使用金币使此次战斗战姬效能提升100%","금화 사용으로 이번 전투희 효과 100%향상"
,"使用QQ登录","QQ 로그인 사용"
,"侦测到数据锁定","데이터 잠금장치가 확인되었습니다."
O,"保存","저장"
,"保存为新方案","새 프로젝트로 저장"
,"保存到本地","로컬로 저장"
,"保存方案","프로젝트 저장"
,"保存设置","설정 저장"
,"信息流","정보의 흐름"
,"信息","정보"
,"信息未录入","정보가 입력되지 않았습니다."
O,"修复","복구"
,"修改徽章","배지 수정"
,"修改边框","경계선 수정"
,"修罗","수라"
,"傀儡师","괴뢰사"
,"傀儡-竖琴师","꼭두각시-하금사"
,"元帅一阶","원수일계"
,"充能 5 回合","5라운드까지 충전할 수 있다."
,"光之翼","빛의 날개"
,"光圈科技装备箱","조리개 과학기술 장비함"
,"克罗","크로"
,"免疫以下效果","면역 이하 효과"
O,"免费","무료"
O,"免费刷新","무료 갱신"
O,"免费招募","무료 모집"
O,"免费7500","무료 7500"
O,"兑换","교환"
O,"兑换物品","물품 교환"
,"全类型加成","전체 형식 추가"
,"全类型加成：","모든 형식 추가:"
O,"全部收取","모두 수령"
O,"全部通关","일괄 정리"
O,"全部","전부"
O,"全部清空","모두 비움"
O,"全部邮件: 999","모든 메일: 999"
O,"全部领取","일괄 수령"
,"公会建设","공회 건설"
,"公会","공회"
,"公会名字8个字","조합 이름 8자"
,"公会成员","조합원"
,"公会系统暂未开放","노동조합 시스템 미개방"
O,"公告","공지"
,"共            次","모두"
,"关","관"
,"关于","관련 있는"
,"关于战姬调整说明","전희 조절에 관한 설명"
O,"关卡","레벨"
O,"关卡完成度","레벨 완성도"
O,"关卡标题标题","레벨 이름이름"
O,"关卡 10-1","레벨 10-1"
O,"关卡 10-1 后解锁","레벨 10-1 클리어후, 해금"
,"关联项目","연관항목"
,"关闭列表","목록 닫기"
,"关闭","닫다"
,"其他说明","기타 설명"
,"其他","기타"
,"其实与其实","사실과 사실"
,"养成指导","육성 가이드"
,"内含物品","포함 아이템"
,"内容文本最多 140 字","내용 최대 140자"
,"内容未解锁","내용 잠금 해제 안됨"
,"内燃克机械，机械克电磁，电磁克","내연극기계, 기계극전자, 전자극"
,"内燃克机械，机械克电磁，电磁克内燃，核能与其它属性不互克。","내연극 기계, 기계극 전자기, 전자극 내연, 원자력과 기타 속성은 서로 상극하지 않는다."
,"再次挑战","재도전"
,"再次挑战(1/1)","재도전(1/1)"
,"再次派遣","재파견"
,"军团","군단"
,"军团名称七个字","군단명 7자"
,"军需补给","군수 보급"
,"冬云","동운"
,"冷却4回合","냉각 4라운드"
,"净化者","정화자"
,"准备作战","준비 작전"
,"几天","며칠"
,"出击次数","출격 횟수"
,"出击","출격"
,"出击情况","출격 상황"
,"出发准备","출발 준비"
,"出生日期","생년월일"
,"击败一起登场的敌人","함께 등장한 적을 격파하다"
,"分数加成","점수 가산"
,"分","나누다."
,"分数","분점수"
,"分解","분해"
,"列表里没有好友","목록에 친구 없음"
,"创世","창세"
,"创建师团","사단 창설"
,"创建","생성"
,"初级指令","일차지령"
O,"删除","삭제"
O,"删除已读","읽은 메일 삭제"
O,"制作成功","제작성공"
O,"刷新","갱신"
,"刷新对手","상대를 쇄신하다"
,"刷新对手会导致连胜清零","쇄신은 연승 제로(0)로 이어질 수 있다"
,"刷新此商店","이 상점 새로 고침"
,"前卫战姬","전위전희"
O,"前往作战","전투"
O,"前往","Go"
O,"前往图鉴","도감보기"
,"前往强化","강화로 나아가다"
,"前往当前层","현재층으로 가기"
,"前往普林斯顿","프린스턴으로 가기"
,"前往获取","가서 가져오기"
,"前往频道:","채널로 가기:"
,"前40","마흔이 넘다"
O,"剧情","스토리"
O,"剧情回顾","다시보기"
O,"剧情跳过提示","건너뛰기"
O,"剧情 S-1","스토리 S-1"
O,"剧情 S-10 提要","스토리 S-10 요약"
,"剩余天数[<color=#ef6410>30</color>]天","잔여일수[<color=#ef6410>30</color>일"
,"剩余挑战次数","잔여 도전 횟수"
,"剩余时间: <color=#3a9bec>30日</color>","남은 시간:<color=#3a9bec>30일</color>"
,"剩余次数","남은 횟수"
,"剩余次数 (07时32分后补充 )","남은 횟수(07시32분 이후 보충)"
,"剩余次数 1/1（重置次数10天恢复1次）","잔여횟수 1/1(리셋횟수 10일 1회 복구)"
O,"剩余：","잔여:"
O,"剩余         天","잔여         일"
,"剩余 1","나머지 1"
,"剩余 27天 14时","남은 27일 14시"
,"剩余","잉여"
,"剩余 5 ","나머지 5"
,"剩余 9 天奖励可领取","남은 9일 인센티브 수령 가능"
,"剩余3次","남은 3회"
,"剩 余 时 间","남은 시간"
O,"剩 余 <size=19><color=#FFD525>7</color></size>  天奖励可领取","보상을 받기 까지<size=19><color=#FFD525>7</color></size>일 남음"
,"副同盟长","부동맹장"
,"副官  千反田：","부관이 천 번 밭을 갈다"
,"功能","기능"
,"加入师团","사단에 가입하다"
,"加分条件","가산점 조건"
,"加成说明","가성 설명"
,"动能装甲","운동에너지 장갑"
,"助战列表","도움말 목록"
,"包含以下物品","아래의 물품을 포함하다"
,"包含初始3星战姬作为升星材料","초기 3성 전희 포함 승성 재료"
,"包装","포장하다."
,"北极光装备补给箱","북극 광장비 보급함"
,"区域","구역"
,"区域任务","지역 작업"
,"区域信息","지역 정보"
,"区域详情信息","지역 정보"
,"区域X-1","영역 X-1"
,"十字星学园","십자성학원"
,"千岁","천세"
,"升星","떠오르는 별"
,"升星材料设置","승성 재료 설정"
,"升星消耗","상승성 소모"
,"升星目标设置","별 띄우기 대상 설정"
,"升星素材","승성 소재."
,"升星结果","승성 결과"
,"升星设置","별 띄우기 설정"
,"升级","승급"
,"升级中","업그레이드 중"
,"升级前","업그레이드 전"
,"升级后","업그레이드 후"
,"升级消耗","업그레이드 소모"
,"升级素材","소재를 업그레이드하다."
,"升级通行证可获得大量奖励","통행증을 업그레이드하면 많은 장려를 받을 수 있다"
,"午间燃料补给","점심 연료 보급"
,"协议","협의하다"
,"卖出","팔리다"
,"南方博兹雅战线","남부 보즈야 전선"
,"卡佩拉","카펠라"
,"即将回收以下物品","바로 아래의 물품을 회수할 것이다"
,"卸下","떼다"
O,"卸载","해제"
,"卸载消耗","마운트 해제 소모량"
,"历史战绩","역대 전적"
,"原型","원형"
,"参加成员","참가 구성원"
,"参战奖励","참전 장려"
,"友情点+25","우정포인트+25"
,"友方","우방"
,"双方生效","쌍방발효력"
,"发动夹击发动夹击","협공 발동, 협공 발동"
,"发起请求","발기청구"
,"发送","발송하다"
,"取消","취소"
,"变身前","변신 전"
,"变身后","변신 후"
,"召回","소환하다"
,"可以获得的特别奖励","받을 수 있는 특별한 인센티브"
O,"可升星战姬","승급가능전희"
,"可同时派遣队伍数量+1","동시에 파견 할 수있는 팀 수 +1"
,"可挑战训练对手","도전할 수 있는 상대"
,"可无限购买","무한 구매 가능"
,"可用","사용 가능"
,"可立即获得“梅可的牛奶”限定皮肤、头像、头像框套装！","바로 '메코의 우유' 한정 피부, 프로필, 프로필 프레임 세트!"
,"可能获得以下物品","아래의 물품을 획득할 수 있습니다"
,"可获取套装类型","세트 종류 획득 가능"
,"可配置","설정 가능"
,"台词台词一二三四五六七
七六五四三二一","대사 대사 하나, 둘, 셋, 넷, 다섯, 여섯 일곱
칠육오사삼이일"
O,"合成","합성"
,"合成数量","합성수량"
,"合计报酬","합산보수"
,"吉尔吉斯斯斯坦","키르기스스탄"
,"同时更换1号展示位内容","동시에 1번 전시 자리 바꾸기"
O,"同盟首页","동맹 초기화"
O,"同盟","동맹"
O,"同盟信息","동맹 정보"
O,"同盟公告","동맹 공지"
O,"同盟名字七个字","동맹 이름 일곱 글자"
O,"同盟名称","동맹 이름"
O,"同盟名称：","동맹 이름:"
O,"同盟总计出击次数：","동맹 총 출격 횟수:"
O,"同盟成员：","동맹 구성원:"
,"同盟成员：50/50","동맹원:50/50"
,"同盟战况","동맹 전황"
,"同盟挑战","동맹의 도전"
O,"同盟排名","동맹 랭킹"
O,"同盟日志","동맹 일지"
O,"同盟的名字八个字","동맹의 이름 여덟 글자"
O,"同盟简介四十字","동맹 소개 40자"
O,"同盟简介：","동맹 소개:"
,"名","이름"
,"名名字八个字","이름 여덟 글자"
,"名字","이름"
,"名字拥有8个字","이름은 8자를 가지고 있다."
,"否","아니오"
,"启动消耗","부트 소모"
,"周一二三开放","매주 하나, 둘, 셋 개방"
,"周排名奖励","주간 랭킹 장려"
,"命运序曲","운명의 서곡"
,"咩咩","메메"
,"咸鱼一条咸鱼一","절인 생선 한 마리 짠 생선 한 마리."
,"哈哈","하하"
,"哈士奇","허스키"
,"售价","판매가격"
,"商会任务","상인회 임무"
,"商城购买","쇼핑몰 구매"
,"商店","상점"
,"啊啊啊啊","아아아아아"
,"啥玩意","무슨 장난감"
,"喜爱","애호하다"
,"喷射猛禽","맹금을 내뿜다"
,"喷气式回旋加速炮","제트 회전 가속포"
,"喷气式阿姆斯特朗回旋加速炮","제트 암스트롱 회전 가속포"
,"嘎哈呢","까르륵"
,"四周前","사방 앞"
,"四星及以上","별 넷 이상"
,"四星战姬","사성전희"
,"回到标题界面","제목 인터페이스로 돌아가기"
,"团长","연대장"
,"团队贡献统计","단체 기여 통계"
,"困难","어려움"
,"图鉴","도감"
,"在小队获得星星个数","소대에서 별의 개수를 획득하다"
,"在此输入以搜索","검색하기 위해 입력하십시오"
,"在此输入方案名","프로젝트 이름을 입력하십시오"
,"在游戏内消耗/获取以下资源,即可获取纽带指令经验","게임 내에서 다음과 같은 자원을 소모/취득하면, 유대 명령어 경험을 획득할 수 있습니다."
,"在","있다"
,"在目前地区获得的星星个数","현재 지역에서 얻은 별 개수"
,"在线","온라인"
,"在线时间","온라인 시간"
,"地图完成度 100%","지도 완성도 100%"
,"地点","장소"
,"场景","광경"
,"均衡","균형"
,"基础伤害 +10%","기본 상해 10%"
,"基础强化","기초강화"
,"基础收益","기초수익"
,"基础资源下载","기본 리소스 다운로드"
,"堕落之枪","타락한 총"
,"堕落骑士","타락한 기사"
,"填写指挥官姓名","지휘관 성명을 기입하다"
,"增加全体战斗战姬的攻击，防御，生命。","전체 전투희들의 공격, 방어, 생명을 증가시킨다."
,"增加战姬
100%能力","전희추가
100%능력"
,"增加挑战次数","도전 횟수를 늘리다"
,"增幅元件","증가폭 소자"
,"增益效果","이익 증대 효과"
,"声望值","명망치"
,"声望增益：","명망이 높아지다:"
,"声望等级提升","명망이 높아지다"
,"声望等级    1","명망 등급 1"
,"声望等级    2","명망 등급 2"
,"声望buff","명망 buff"
,"声音开关","사운드 스위치"
,"声音设置","사운드 설정"
,"复仇","앙갚음"
,"夏日盛典","여름 축제"
,"外传","외전"
,"大厅","홀"
,"大英雄的经验","대영웅의 경험"
,"大黑的新家","새까만 새집"
,"天之刃","하늘의 칼"
,"天","하늘"
,"失败","실패하다."
,"失败后自动再次挑战","실패 후 자동으로 재도전"
,"头像","프로필 사진"
,"头像框","프로필 액자"
O,"头目","Boss"
,"奎因轰炸全体敌方目标，对全体敌方目标造成伤害，根据自身速度提高伤害。有25%概率赋予不可恢复状态","퀸은 적의 목표물 전체를 폭격하여 전체 적의 목표물에 피해를 주고, 자신의 속도에 따라 피해를 높인다.25%의 확률로 회복불능 상태를 부여합니다"
O,"奖励自选","선택 보상"
O,"奖励","보상"
O,"奖励信息","보상 정보"
O,"奖励兑换","보상 교환"
O,"奖励加成","보상 증가"
O,"奖励已取得","보상 수령 완료"
O,"奖励物品","보상 물품"
,"奖励获取","획득을 장려하다"
O,"奖励预览","보상 미리보기"
O,"套装名字","세트 이름"
O,"套装","세트"
O,"套装效果","세트 효과"
O,"套装属性","세트 속성"
,"套装筛选","세트 선별"
,"奥义技","오의기"
,"奥尼安","오니안"
,"奥托露娜","오토루나"
,"奥托露娜国际","오토루나 인터내셔널"
,"奥托露娜疯狂科学家","오토루나 광기 과학자"
,"奥托露娜骑士团","오토루나 기사단"
,"奥托露娜骑士穿着伤风败俗，阵线军官勒令整改引冲突！","오토루나 기사는 상풍패속, 전선 장교들은 충돌을 시정하라!"
O,"好友","친구"
,"好友上限","친구 상한선"
,"好友优先","친구 우선"
,"好友列表","친구 목록"
,"好友单位","절친한 친구 회사"
,"好友数","친구 수"
,"好友防御力提升35%","친구 방어력 35%향상"
,"好感度","호감도"
,"好感度提升至<color=#fcd601>Lv.8</color>","호감도 상승<color=#fcd601>Lv.8</color>"
,"好感度等级","호감도 등급"
,"好感度Lv.6以后开放","호감도 Lv.6 이후 개방"
,"好感等级","호감 등급"
,"好感 + 999","호감 +  999"
,"好评","호평"
,"如果成就达成且声誉级别上升的话，就能获得各种持续效果。","성취가 달성되고 평판이 올라가면 각종 지속 효과를 얻을 수 있다."
,"妮娜","니나"
,"妮欧","니오"
,"妮殴","귀싸움을 하다"
,"姓名","이름"
,"姬海","희해"
,"姬海棠","베고니아"
,"存储时间","저장 시간"
,"季旭不要啊不要啊，不要再送了啊","계욱싫어 싫어 그만 데려다 줘"
,"季旭哪周玩的不菜？","계욱 무슨 요리에 놀았어요?"
,"季旭彩笔制造商","계욱 컬러펜 제조사"
,"季旭怎么这么菜啊啊啊","계욱 어쩜 이렇게 요리야 아아"
,"完成","완성하다."
,"完成上一关卡","이전 관문을 완성하다"
,"完成主线剧情 1-2","줄거리 완성 1-2"
,"完成度","완성도"
,"完成度：","완성도:"
,"完成度100%","완성도 100%"
,"完成情况","완성도"
,"完成率","완성률"
,"完成角色任务","역할 임무를 완성하다"
,"实力至上
实力至上
实力至上","실력이 제일이다
실력이 제일이다
실력이 제일이다"
,"实战模式","실전 모드"
,"实验性","실험성"
,"审核方式：","심사 방식:"
,"家具","가구"
,"家园","집터"
,"家园中","집안에"
,"密钥合成","키가 합쳐지다."
,"富兰克林
这","프랭클린
이"
,"寝室","침실"
,"对我个人而言，一天掉多少跟头发不仅仅是一个重大的事件，还可使会改变我的人生。","개인적으로 하루에 머리카락이 얼마나 빠지는지는 중대한 사건이 아닐 뿐만 아니라 내 인생을 바꿀 수 있다."
,"对战记录","대전 기록"
,"对方输出","상대수출"
,"对话 Lv.1","대화Lv.1"
O,"寻获物品","습득 물품"
,"将军二阶","장군 이계"
,"尊敬的指挥官，您对当前舰队情况满意吗？请为我们的努力给予好评吧！","존경하는 지휘관님, 현재 함대 상황에 만족하십니까?우리의 노력에 대해 좋은 평가를 해 주세요!"
,"小时后","시간 후"
,"小段位","소단"
,"小糊涂仙小糊涂仙小糊涂仙小糊涂仙小","망령선소망선소망선소망선소망선소"
,"小队","소대"
,"小队名字有八个字","소대 이름은 여덟 자이다."
,"小队名称更新","소대명 갱신"
,"小队描述小队描述小队描述小队描述小队描述小队描述小队描述小队描述小队描述小队描述小队描述小队描述小队描述小队描述小队描述小队描述小队描述小队描述","소대 묘사소대 묘사소대 묘사소대 묘사소대 묘사소대 묘사소대 묘사소대 묘사소대 묘사소대 묘사소대 묘사소대 묘사소대 묘사소대 묘사소대 묘사소대 묘사소대 묘사소대 묘사소대 묘사소대 묘사소대 묘사소대 묘사소대 묘사소대."
,"就这","이것으로"
,"尼欧","니오"
,"层","층"
,"屏蔽","차단하다"
,"展示","전시"
,"展示战姬","전시 전희"
,"属性加成","속성 더하기"
,"属性加成：","속성 추가:"
,"属性排序","속성 정렬"
,"属性","속성"
,"属性构成","속성 구성"
,"山猫小队","링스 소대"
,"工","공"
,"巨型傀儡","거대한 꼭두각시"
,"已使用","사용됨"
O,"已发生排异反应","거부반응 발생"
O,"已回复全部体力","모든 체력 회복됨"
,"已完成","완료됨"
,"已就绪","이미 준비가 되었다."
,"已强化到最大等级","최대 등급까지 강화됨"
O,"已歼灭","섬멸됨"
O,"已满","꽉참"
O,"已激活","활성화됨"
,"已经解锁","잠금 해제됨"
,"已装备","장비됨"
O,"已达到最大等级","최대 등급 도달"
O,"已达成","달성함"
,"已进入频道123(当前人数1)","채널 123 (현재 인원 1)"
,"已选中","선택됨"
,"已选择","선택됨"
,"已选择战姬 (0/16)","선택된 전희 (06)"
O,"已领取","수령 완료"
,"巴尔德","발더"
,"巴尔德西昂兵武塔","발데시옹 병무탑"
,"布里","브리"
,"布鲁","브루"
,"师团信息","사단 정보"
,"师团建设","사단 건설"
,"希尔雷安","힐레안"
,"帮助","도움"
,"常规招募战姬一览","일반 모집 전희 일람"
,"幸存者回忆录","생존자 회고록"
,"库存","재고품"
,"应用","응용하다"
,"底纹","밑주름"
,"废旧地块残骸","폐지의 잔해"
,"建议等级","권고 등급"
O,"建设","건설"
O,"开启","열기"
,"开启高帧率、渲染强化、HDR在手机性能不足时会导致过热和卡顿","높은 프레임률 켜기, 렌더링 강화, HDR은 휴대폰 성능 부족시 과열 및 끼임 발생"
O,"开始试玩","게임 시작"
O,"开","열기"
,"开始","시작"
O,"开始教学","튜토 시작"
,"开服","개복하다"
,"异化因子","이화인자"
,"异化航点","이화항로"
,"异形屏适配","이형 스크린이 잘 어울리다."
,"弧光
弧光","호광
호광"
O,"强化石","강화석"
O,"强化","강화"
,"强化光环","강화 후광"
,"强化及以下","강화 및 이하"
O,"强化技能","기능 강화"
O,"强化等级","등급 강화"
,"强化角色","배역을 강화하다"
O,"强袭","강습"
,"当前上阵","당면한 출사표"
,"当前体力","당면한 체력"
,"当前使用","현재 사용"
,"当前分数","현재 점수"
,"当前剩余挑战次数","현재 남은 도전 횟수"
,"当前可以累计购买次数(1/2)","현재 누적 구매 가능 횟수(1/2)"
,"当前可获得装备","현재 획득 가능한 장치"
,"当前在线","현재 온라인"
,"当前奖励","당면한 장려"
,"当前展示","현재 전시"
,"当前战姬为新角色，是否锁定？","현재 전희는 새 캐릭터입니다. 잠그시겠습니까?"
,"当前所在黄金组","현재 위치 황금 그룹"
,"当前拥有","현재 보유"
,"当前持有","현재 보유"
,"当前无此类型任务","현재 이런 종류의 작업이 없습니다"
,"当前碎片点数","현재 조각점수"
,"当前积分","현재적립금"
,"当前第四轮","현재 제4라운드"
,"当前进度","현재 진행 상황"
,"当前连胜次数","현재 연승 횟수"
,"当前选择","현재 선택"
,"当前选择进行升星的战姬","현재 승성을 할 전희를 선택하다"
,"当前配置","현재 설정"
,"当前队伍中","현재 대열에서"
,"当前频道 1","현재 채널 1"
,"当前5星概率","현재 확률 5개"
,"当队伍中","대열에서"
,"形象更换","이미지 교체"
,"形象","이미지"
,"影像品质","영상 품질"
,"影像","영상"
,"得分奖励","득점장려"
,"得到了5000","오천을 얻다"
,"必杀技动画","필살기 애니메이션"
,"必要条件","필요조건"
,"快速派遣","급파"
,"快速跳转","뜀박질"
,"快速选择","빠른 선택"
,"快速部署","신속 배치"
,"快速锁定","빠른 잠금"
,"急行瞪羚","급행 가젤"
,"怪声事件","괴성 사건"
,"怪物名字七个字","괴물 이름 일곱 글자"
,"总体概率","총체 확률"
,"总剩余","총잉여"
,"总加成","총가산"
,"总收藏率","총수장률"
,"总数","총수"
,"总获取经验","총 획득 경험치"
,"总获得好感度","총호감도"
,"总贡献","총공헌"
,"恢复体力","체력을 회복하다"
,"恢复费用减少","회복비용감소"
,"恢复默认","기본값 복원"
,"恢复默认设置","기본 설정 복원"
,"恶意广告","악의적 광고"
,"恶意骚扰","악의적으로 소란을 피우다."
,"您的队伍含有已进入数据锁定的战姬与装备，请更换后可季旭挑战","귀하의 팀에는 데이터 잠금장치에 들어간 전희와 장비가 포함되어 있습니다. 교체 후 계욱이 도전할 수 있습니다"
,"您要对xxxxxxxxxxx投诉的内容是","xxxxxxxxxxxxxxx에 신고할 내용은"
,"您领取的奖励包含锻素结晶，领取后降归属当前平台！您是否确认领取？","수령하신 인센티브는 단조 결정을 포함하여 수령 후 현재 플랫폼으로 귀속됩니다!수령을 확인하시겠습니까?"
,"情报","정보"
,"感染度：","감염도:"
,"感染等级","감염 등급"
,"戈尔贡","고르곤"
,"成功","성공하다."
,"我在东北玩泥巴","나는 동북에서 진흙장난을 하고 있다"
,"我已经明白了，大家信任我其实没有别的理由，只是因为大家都很温柔而已。","여러분이 저를 신뢰한다는 것은 사실 다른 이유는 없고, 단지 모두가 따뜻하기 때문이라는 것을 이미 알았습니다."
,"我方输出","당방 출력"
,"我方队伍","우리측 부대"
,"我是谁","나는 누구인가"
,"我的申请","나의 신청"
,"我的积分","나의 포인트"
,"我的脸色怎么了？啊，只是昨晚失眠了而已。不用担心，我的睡眠质量一直都不","내 안색이 어때서?아, 그냥 어젯밤에 잠을 잘 못 잤을 뿐이에요.걱정 마, 내 잠의 질은 줄곧 좋지 않아."
,"战力","전력"
,"战备增强设置","전비 증강 설정"
,"战姬名字","전희 이름"
,"战姬收集","전희 수집"
,"战姬","전희"
,"战姬情报","전희 정보"
,"战姬推荐","전희 추천"
,"战姬收集率","전희 수집률"
,"战姬简介","전희 소개"
,"战姬编号","전희 번호"
,"战姬评论","전희평론"
,"战姬试用","전희 시용"
,"战姬详情","전희상세"
,"战姬id","전희 아이디"
,"战斗力","전투력"
,"战斗动画设置","전투 애니메이션 설정"
,"战斗好感度","전투 호감도"
,"战斗已接近最大回合数，请尽快结束战斗","전투가 최대 회수에 가까워졌으니 빨리 끝냅시다."
O,"战斗效能","전투 성능"
O,"战斗胜利","전투 승리"
,"战斗记录","전투 기록"
,"战斗设置","전투 설정"
,"战斗难度较大","전투의 난이도가 비교적 높다"
,"战术","전술"
,"战术信息","전술 정보"
,"战术点","전술점"
,"战机名字","전투기 이름"
,"所在公会","소재조합"
,"所在分组 [ B ]","속한 그룹[ B]"
,"所属同盟前回排名","소속동맹전회순위"
,"所属同盟排名","소속 동맹 서열"
,"所属系谱","소속 계보"
,"所谓科学和
人文谁更有意","이른바 과학과
인문 누가 더 좋아?"
,"所谓科学和vvvvvvvvvvvvvv","이른바 과학과 vvvvvvvvvvvvvvvv이다."
,"所需时间","소요시간"
,"手动挑战","수동 도전"
,"扫荡关卡","관문을 소탕하다."
O,"承伤","부상"
,"技能","기능"
,"技能名字八个字字","기능 이름 여덟 글자"
,"技能情报","기능 정보"
,"技能配置","기능 설정"
,"技能id和等级","기능 아이디와 등급"
,"护盾","방패 보호대"
,"报酬","보수"
,"抵制不良游戏，拒绝盗版游戏。注意自我保护，谨防受骗上当。适度游戏益脑，沉迷游戏伤身。合理安排时间，享受健康生活。
著作权人：上海哆祈哆祈网络科技有限公司  出版单位：北京青年报网际传播技术有限公司 国新出审【2020】2606号 ISBN 978-7-498-08387-6 软件著作权登记号：2020SR0799475","[한패] 이 화면에서 다음 화면으로 넘어가지 않으면 다른 폴더에 다운받은 후, 붙여넣기를 시도해주시기 바랍니다.
【2020】2606호ISBN 978-7-498-08387-6 소프트웨어저작권등록번호:20SR0799475"
,"抽取普通扭蛋10次","일반 꼬임 10회 추출"
,"拒绝","거절합니다."
,"招募十次","열 번 모집하다"
,"招募","모집하다"
,"招募一次","한 번 모집하다"
,"招募券","모집권"
,"招募券不足，是否购买？","모집권이 부족합니다. 구매하시겠습니까?"
,"招募规则","모집 규칙"
,"招募记录","모집 기록"
,"拥有","갖고 있어요."
,"持有","보유하다"
,"持有：","보유:"
,"持续30天，每日获得","30일 동안 매일 획득"
,"持 续 7 天 ， 每 日 获 得","7 일 동 안 , 매 일 획 득"
,"挂机次数","전화 끊기 횟수"
,"指令","명령어"
O,"指令升级","업그레이드"
,"指令经验+20","교육 경험+20"
,"指令配置","명령어 설정"
,"指挥官名称","지휘관 이름"
,"指挥官生日设定","지휘관 생일 설정"
,"指挥官等级 35","지휘관 등급 35"
,"指挥官等级2","지휘관 등급 2"
,"指挥官详情","지휘관상세"
,"挑战有效时间","도전 유효 시간"
,"挑战","도전하다."
,"挑战完成进度","진도 완성에 도전하다"
,"捐献后可获得","기부 후 받을 수 있다"
,"捕获","포획하다"
,"捕获猫球挑战次数 +1","고양이 공 도전 횟수+1"
,"捕获猫球2倍掉落","고양이 볼 잡기 2배"
,"换一批","한 무리의 물갈이를 하다"
,"排名","석차등하다"
,"排序","정렬하다."
,"排行榜","랭킹"
,"探索中","탐색 중"
,"探索出发","탐색 출발"
,"探索当前区域","현재 영역 탐색"
,"探索等级提升","레벨 상향 탐색"
,"探索耗时","탐색하는 데 시간이 걸리다."
,"接受","받아들이다."
,"推荐","추천한다."
,"推荐度","추천도"
,"推荐战姬","추천전희"
,"推荐效能","추천 성능"
,"推进系统","추진 시스템"
,"描述","묘사"
,"描述描述","설명"
,"描述描述描述描述描述描述描述描述描述描述描述","설명 설명 설명 설명 설명 설명 설명 설명 설명 설명 설명"
,"描述文字
描述问题","묘사문자
문제를 묘사하다"
,"提升","끌어올리다"
,"搜索","검색하다."
,"摄像机名","카메라 이름"
,"撤离","철수하다"
,"撤销申请","신청을 취하하다"
,"播放","방송하다"
,"支援战机获得","지원전투기 획득"
,"支援","지원하다"
,"支援人员","지원 인원"
,"支援战姬","지원전희"
,"支援次数：0/5","지원횟수: 0/5"
,"支援能量","지원 에너지"
,"支援说明","지원 설명"
,"支援请求","지원 요청"
,"支援队伍","지원대"
,"支援5个","5개를 지원하다"
,"收集12个季旭就可以召唤神龙","12개의 계욱을 모으면 신룡을 부를 수 있다"
,"改良及以下","개량 및 이하"
O,"攻击","공격"
,"攻击时，若目标身上有弱化抓过，伤害了增加30%","공격 때 목표물에 약화가 있으면 상처가 30%증가한다고 말했다."
,"攻击时，若目标身上有弱化状态,伤害量增加30%","공격 시 목표물에 약화된 상태가 있으면 상해량이 30%증가한다"
,"攻击 200%","200%공격"
,"攻略","공략하다"
,"攻略详情","공략상세"
,"攻略首领","우두머리를 공략하다"
,"故事第一章","이야기 제1장"
,"效果命中","효과가 적중하다."
,"效能","효능"
,"敌人信息","적정보"
,"敌方信息","적측 정보"
,"敌方情报","적국 정보"
,"敌方行动中","적의 행동 중"
,"数值预览","수치 미리보기"
,"数据查看","데이터 보기"
,"数据统计","데이터 통계"
,"数据采集","데이터 수집"
,"数据链","데이터 링크"
,"数据锁定","데이터 잠금"
,"数量","수량"
,"断章","단장"
,"新","신"
,"新功能跟描述新功能跟描述","새로운 기능과 설명 새로운 기능과 설명"
,"新增以下派遣地点/任务","다음 파견 장소/ 작업 추가"
,"新增方案","추가 방안"
,"新建文本文档","새 텍스트 문서"
,"新手","풋내기"
,"方寸","방촌"
,"方寸的名字八个字","방촌의 이름은 여덟 자이다"
,"方案","방안"
,"方案名称字数上限为七","프로젝트 이름 글자 수 상한선 7"
,"方案2","프로젝트 2"
,"施","베풀다"
,"无增益","무증익"
,"无期限","무기한"
,"无法再次修改","다시 고칠 수 없음"
,"无限制","무제한"
,"既然如此","기왕 이렇게 된 이상"
,"日常任务","일상 임무"
,"日常活动","일상 활동"
,"日","일"
,"时","때"
,"时刻","시시각각"
,"时空","시공"
,"时装总览","패션 총람"
,"星之魔法少女","별의 마법소녀"
,"星期一  19：03","월요일 19:03"
O,"星级","성급"
O,"是否分解以下装备","다음 장비를 분해하시겠습니까?"
,"是否花费","비용 여부"
,"昵称服务器繁忙，是否先跳过命名环节？跳过后，在游戏内随时可以修改","닉네임 서버가 바쁩니다. 네임 단계를 먼저 건너뛰시겠습니까?건너뛰기 후 게임 내에서는 언제든지 수정할 수 있다"
O,"普攻","기본공격"
,"普通","보통"
O,"普通奖励","일반보상"
O,"普通奖励领取","일반보상수령"
,"普通招募许可","일반모집허가"
,"暂不评论，继续体验","잠시 논평하지 않고 계속 체험하다"
,"暂不选择","선택하지 않음"
,"暂无加入申请","가입 신청이 잠시 없다"
,"暂无可派遣地点","잠시 파견할 곳이 없다"
,"暂无战报","전쟁 통보는 잠시도 없다."
,"暂无","잠시 없다"
,"暂无支援请求","지원 요청이 없습니다"
,"暂无数据","데이터가 없습니다."
,"暂无礼物","선물이 잠시 없다."
,"暂无配置","설정 없음"
,"暂无黑名单成员。","블랙리스트 회원은 없다."
,"暂未开启","열리지 않음"
,"暂未开放","아직 개방하지 않았다."
,"暂未鉴定","아직 감정하지 않았다."
,"暗区深渊","암흑의 심연못."
,"暴伤","폭상"
,"暴击","폭격을 가하다"
,"暴击伤害","폭격상해"
,"更换主要装备，素材装备会重置","주요 장비 교체, 소재 장비 리셋"
O,"更换","변경"
O,"更换徽章","휘장변경"
O,"更换时装","패션변경"
O,"更换皮肤","스킨변경"
O,"更换背景","배경변경"
O,"更换装备","장비 교체"
,"替换的附加属性存在与主属性相同，若进行合成，","교체된 부가 속성이 주 속성과 동일하게 존재하며, 합성이 이루어지면"
O,"替换","교체"
,"最低派遣战姬
","최저 파견 전희
"
,"最佳战绩","최우수 전적"
,"最佳进攻","최상의 공격"
,"最佳连胜","최고의 연승"
,"最佳防守","베스트 디펜스"
,"最后在线","라스트라인"
,"最多显示七个字得","최대 7글자 보이기"
,"最多","가장 많다"
,"最多五个字","최대 다섯 글자"
,"最多可使用20","최대 20까지 사용 가능"
,"最多合成5个","최대 5개 합성"
,"最大增加30%","최대 30%증가"
,"最少","최소"
,"最终分数","최종 점수"
,"最高排位","최고 순위"
,"最高连胜","최고 연승"
,"月海套装","월해 세트"
,"月","월"
,"月卡奖励","월카드 장려금"
,"月卡奖励累计可获得 3000原石","월 카드 보너스 누계 3000원석"
,"月度资源卡","월간 자원 카드"
,"有利属性","유리한 속성"
,"有待改进，前去提供建议！","개선이 필요하니 가서 건의를 해 주시오!"
,"有战姬达到满级时停止","전희가 만렙이 되면 정지한다."
,"有新的版本需要更新,点击确定开始更新!
","업데이트가 필요한 새 버전이 있습니다, 확인하시기를 클릭하시면 업데이트 시작!
"
,"有5个装备正在被使用，是否继续装备？","5개의 장비가 사용 중인데 계속 장비할 것인가요?"
,"服装巨鳄","복장의 거악어"
,"未上榜","미등방"
,"未开放","미개방"
,"未探明区域","미탐지 지역"
,"未知","알 수 없다"
,"未知敌人","미지의 적"
,"未知补给包","알 수 없는 보급 가방"
,"未确认飞行","미확인 비행"
,"未确认飞行物体","미확인 비행물체"
,"未获取掉落物","낙하물 미취득"
,"未获得","획득하지 않음"
,"未获得战利品","전리품을 받지 못하다"
,"未获得战姬","전희를 얻지 못하다"
,"未获得角色","배역을 받지 못했습니다"
O,"未解锁","미해금"
,"未读消息","읽지 않은 메시지"
,"未读邮件: <color=#3a9bec>999</color>","읽지 않은 메일:<color=#3a9bec>999</color>"
,"未达成","미달성"
,"本周剩余数量 1","금주 잔량 1"
,"本周可兑换","금주 교환 가능"
,"本周战绩","금주 전적"
,"本周支援次数：","이번 주 지원 횟수:"
,"本周获得贡献：","이번 주 기여:"
,"本周获得贡献：9999","이번 주 기여:9999"
,"本周贡献","금주 기여"
,"本周贡献（6天23时44分 后重置）","금주 기여(6일 23시 44분 후 리셋)"
,"本周起始","이번 주부터 시작"
,"本日挑战次数","오늘 도전 횟수"
,"本月剩余：1","이달의 잔여: 1"
,"本期全部层数已完成","이번 회기의 전체 층수가 이미 완성되었다"
,"本期剩余样本","당기잔여견본"
,"本次伤害","이번 상해"
,"本次免费","이번 무료"
,"本次必得指定战姬","이번에 반드시 전희를 지정해야 한다"
O,"本次挂机已结束","대리전투가 종료됩니다."
,"本次重置将会使战姬星级回退至原始星级，等级回退至1级，Rank等级清零技能等级清零，科技等级清零，并获得","이번 리셋으로 전희성급은 원시성급, 등급은 1등급, Rank 등급은 기능 등급은 0등급, 과학기술 등급은 0등급으로 각각 후퇴하게 될 것이다."
,"本次重置将会使角色星级回退至原始星级，等级回退至1级，Rank等级清零，技能等级清零，科技等级清零，并获得：","이번 리셋은 캐릭터 별을 원시 별로, 등급은 1등급으로, Rank 등급은 0등급, 기능 등급은 0등급, 과학기술 등급은 0등급으로 각각 후퇴시켜 획득하게 된다."
,"本次重置将会使Rank等级清零，并获得","이번 리셋으로 Rank 등급은 0이 될 것이며, 또한 획득할 것이다"
,"本赛季获得以下奖励","이번 시즌에는 다음과 같은 인센티브를 받는다"
,"机械属性积分上升","기계적 속성 포인트 상승"
,"材料预览","자료 미리보기"
,"材料","재료"
,"材料不足","재료부족"
,"材料专精","재료에 정력을 쏟다."
,"材料战姬","재료전희"
,"条件未满足","조건이 충족되지 않다"
,"来","옵니다."
O,"来自","From."
,"杰哥","걸형"
,"查找","찾다"
O,"查看图鉴","도감 보기"
O,"查看攻略","공략 보기"
O,"查看详情","자세히"
,"标题","제목"
,"样本兑换","견본환전"
,"核心","핵심"
,"核心信息","핵심 정보"
,"格林","그린"
,"格蕾丝","그레이스"
,"概述","개술하다"
,"模仿了风格个人","스타일 개인을 모방했다"
,"模拟作战","모의 작전"
,"模拟战不会获得战利品
模拟中不消耗挑战次数","모의전은 전리품을 얻을 수 없다
아날로그에서 도전 횟수를 소모하지 않음"
,"模组名称","모듈 이름"
,"樱斩套装","벚꽃 참 세트"
,"次","차"
,"正","정신병"
,"正在战斗中...","싸우는 중..."
,"正式讨伐","정식으로 토벌하다"
,"此装备已被佩戴于战姬：此装备已被佩戴于战姬：此装备已被佩戴于战姬：此装备已被佩戴于战姬：","이 장비는 이미 전희에 장착되었다. 이 장비는 이미 전희에 장착되었다. 이 장비는 이미 전희에 장착되었다."
,"此装备已被佩戴于战姬：此装备已被佩戴于战姬 此装备已被佩戴于战姬：此装备已被佩戴于战姬","이 장비는 이미 전희에 장착되었다:이 장비는 이미 전희에 장착되었다:이 장비는 이미 전희에 장착되었다."
,"武器系统","무기 체계"
,"残存HP","HP 잔존"
,"段位提升","단계별 상승"
,"段位","단계"
,"段位名称","단위명"
,"段位排名","단계별 순위"
,"母舰","모함"
,"母舰等级提示","모함 등급 안내"
,"每周任务","주간 임무"
,"每周季旭都菜","매주 욱도 요리"
,"每周特殊装备补给","매주 특수 장비 보급"
,"每回合消耗","매 라운드 소모"
,"每日任务","일일 임무"
,"每日资源副本次数 +2","일일 자원 복제 +2"
,"每日首次","매일 처음"
,"每日 12:00-24:00登舰补给","매일 12:00-24:00 등함 보급"
,"每日5点更新","매일 5시 업데이트"
,"每日5:00清空次数","일일 5:00 비우기 횟수"
,"每次捐献可获得","기부할 때마다 받을 수 있다"
,"每消耗1点能源","매번 1포인트의 에너지를 소비한다."
,"毛球工厂Lv.1","털볼 공장 Lv.1"
,"毛球","퍼볼"
,"气温","기온"
,"污染","오염시키다."
,"沉没之城1","침몰의 도시 1"
,"沉没都市","침몰도시"
,"沉没都市 K2-3 区域探索","침몰한 도시 K2-3구역 탐색"
,"沉睡沉睡（所属章节名字）","잠들어 잠들어 (소속 챕터 이름)"
,"沉默都市探索","침묵도시탐사"
,"没有可作为素材的战姬","소재 없는 전희"
,"没有可升星战姬","승성전희는 없다"
,"没有可用素材","소재 없음"
O,"治疗","치료"
O,"活动成就","이벤트 성취"
O,"活动","이벤트"
O,"活动中","이벤트 중"
O,"活动任务","이벤트 임무"
O,"活动公告","이벤트 공지"
O,"活动名字","이벤트 이름"
O,"活动商店","이벤트 스토어"
O,"活动时间","이벤트 기간"
O,"活动CG","이벤트 CG"
O,"派遣中","파견 중"
O,"派遣","파견"
O,"派遣经验","파견 Exp"
O,"派遣完成","파견 완료"
O,"派遣开始","파견 개시"
O,"派遣等级","파견 등급"
O,"派遣Exp + 10 / 战姬Exp+10","파견Exp + 10 / 전희Exp + 10"
,"派 遣 等 级","등급을 파견하다."
,"流畅度","유창도"
,"测试剧情对话","줄거리의 대화를 시험하다."
,"测试2","테스트 2"
,"浴室","욕실"
,"海格力","해격력"
,"海格力斯","헤글리스"
,"海格力斯武装","헤글리스 무장"
,"涂装一览","도장 일람"
O,"消耗","소모"
O,"消耗材料","재료 소모"
O,"消耗道具","소모 도구"
O,"消耗 ","소모 "
O,"消耗 //","소모//"
O,"消耗5点能量","에너지 5 소모"
,"清空","비우다"
,"清空已选","선택된 것을 비우다"
,"清除选项","옵션 지우기"
,"渲染强化","렌더링 강화"
,"游戏公告","게임 공지"
,"游戏加载中","게임 다운로드 중"
,"游戏帧率","게임 프레임률"
,"游戏游戏游戏戏","게임 게임 신"
,"湛蓝都市","짙푸른 도시"
,"满能量自动释放技能","에너지 자동 방출 기능"
,"演习2","연습 2"
,"演习","연습하다"
,"演习结算可以","연습 결제는 가능"
,"演习1","연습 1"
,"火力支援","화력 지원"
,"火控系统","화기 제어 시스템"
,"火石套装","파이어스톤 세트"
,"火石核心装甲","화석 핵심 장갑"
,"炮击支援","포격 지원"
O,"点击任意位置以关闭","나가려면 아무 곳이나 클릭해주세요"
O,"点击任意位置跳过","건너띄려면 아무 곳이나 클릭해주세요"
O,"点击加载更多","더 불러오려면 클릭해주세요"
,"点击屏幕季旭","화면 계욱 클릭"
O,"点击屏幕继续","화면을 탭하여 계속"
,"点击此处继续","계속하시려면 누르십시오"
,"点击此处进入拼图","그림%1개의 캡션을 편집했습니다."
,"点击添加支援队伍","지원 그룹 추가를 누르십시오"
O,"点击空白处关闭","닫으시려면 여백을 누르십시오"
,"点击输入","클릭 입력"
,"点评","평론하다"
,"热熔","열융해"
,"热熔属性有利","열융합 속성이 유리하다"
,"热门评论","인기 평론"
,"照准系统","조준 시스템"
,"燃","불붙다"
,"燃风矿团","연풍광단"
,"爱丽菲斯","엘리피스"
,"物品","물품"
,"物品获得","물품 획득"
O,"物理伤害 +5%","물리피해 +5%"
,"物资","물자"
,"特别采购","특별구매"
,"特级指令","특급 지령"
,"特级补充协议","특급 추가 협의"
,"状态命中","컨디션이 명중되다"
,"状态回合中状态回合中状态回合中状态回合中状态回合中状态回合中","컨디션 라운드 중 컨디션 라운드 중 컨디션 라운드 중 컨디션 라운드 중 컨디션 라운드 중 컨디션 라운드 중"
,"状态抗性:","상태저항:"
,"状态抵抗","상태저항"
,"犹格","유거"
,"猛禽烈炮
LV","맹금열포
LV"
,"猛禽烈炮LV","맹금열포 LV"
O,"猫球存储上限","캣볼 보관한도"
,"猫球工厂","캣볼 공장"
,"猫球工厂  等级提升","캣볼 공장 등급 상향"
,"猫球正在清理该成员的信息,还需要10时35分","고양이 공이 이 성원의 정보를 치우고 있으니 아직 10시 35분이 필요하다."
,"猫球获取效率","고양이 볼 효율성취득"
O,"玩家信息","플레이어 정보"
O,"玩家名字","플레이어 이름"
O,"玩家名字是方寸吧","플레이어 이름은 방촌입니다"
O,"玩家等级限制","플레이어 레벨 제한"
O,"玩家ID","플레이어 ID"
O,"玩法引导","플레이어 가이드"
,"环境设定","환경설정"
,"生命什么","생명이란?"
,"生命","생명"
,"生命力:","생명력:"
,"生命生命","생명 생명"
,"生日","생일"
,"用于初始3※和5⭐※战姬技能升级的高级装置，可以在活动或商店中获得。","초기 3 ※과 5 ⭐ ※전희 스킬 업그레이드에 사용되는 고급 장치는 이벤트 또는 스토어에서 얻을 수 있습니다."
,"用于制作「樱斩」系列装备。
「武神锻钢厂」的工匠反复锤炼之后制成的材料钢。用这种钢制成的武器可以轻易切开傀儡的身体。","「벚꽃참」시리즈의 제작에 사용됩니다.
《무신단강공장》의 장인은 반복적으로 제련하여 만든 재료강이다.이런 강철로 만든 무기는 꼭두각시의 몸을 쉽게 절개할 수 있다."
,"用户中心","사용자 센터"
,"用户协议","사용자 협의"
,"用户协议相关","사용자 협약 관련"
,"用来突破代替2星，也就是特殊狗粮，不是强用来突破代替2星，也就是特殊狗粮，不是强用来突破代替2星，也就是特殊狗粮，不是强用来突破代替2星，也就是特殊狗粮，不是强用来突破代替2星，也就是特殊狗粮，不是强用来突破代替2星，也就是特殊狗粮，不是强用来突破代替2星，也就是特殊狗粮，不是强","별 2개, 즉 특수견미 돌파를 위한 돌파를 위한 돌파를 위한 돌파를 위한 돌파를 위한 돌파를 위한 돌파를 위한 돌파를 위한 돌파를 위한 돌파를 위한 돌파를 위한 돌파를 위한 돌파를 위한 돌파를 위한 특수견미 돌파를 위한 돌파를 위한 돌파를 위한 돌파를 위한 돌파를 위한 돌파를 위한 돌파를 위한 돌파를 위한 돌파를 위한 돌파를 위한 돌파를 위한 돌파를 위한 돌파를 위한 돌파를 위한 특수견미, 특수견미, 대체를 위한 돌파를 위한 특수견미, 대체를 위한 추가를 위한 추가를 위한 추가를 위한 추가를 위한 추가할 수 있다."
,"申请","신청하다."
,"申请中","신청 중"
,"申请列表","신청 목록"
,"电磁","전자기"
,"画师","화사"
,"画师名字有八个字","화사의 이름은 여덟 자이다"
,"画质等级","화질 등급"
,"画质","화질"
,"登出账号","계좌번호 등록"
,"白","백"
,"白银组","은조"
,"百科","백과"
,"百科显示","백과현상"
,"皇女任务","황녀 임무"
,"皮肤鉴赏","피부 감상"
,"目前无可加入同盟","현재 동맹에 가입할 수 없습니다"
,"目标奖励","표창"
,"目标已歼灭","목표가 이미 섬멸되었다"
,"目标歼灭","목표가 섬멸되다."
,"目标达成","목표를 달성하다"
,"目标 07时 32分 后撤退","목표 07시 32분 후 철수"
,"省电模式","절전 모드"
,"省电模式中，自动静音","절전 모드에서 자동 무음"
,"瞄准元件","조준 소자"
,"研发","연구 개발하다"
,"硝烟记忆","포연 기억"
,"确定要删除方案吗？","프로젝트를 삭제하시겠습니까?"
O,"确定","확인"
,"确定要卸下所有装备吗","모든 장비를 제거하시겠습니까?"
,"确定要替换方案吗？","프로젝트를 변경하시겠습니까?"
O,"确定
","확인
"
O,"确认","확인"
O,"确认退役","퇴역 확인"
O,"确 认","확 인"
,"碎片已置入
点击去下该碎片","파편 저장됨
이 조각으로 가려면 누르십시오."
,"碎片盒","파편 케이스"
,"磁场套装","자기장 세트"
,"礼包包含以下装备","선물세트에는 다음의 장비가 포함되어 있다"
,"礼包码","선물 꾸러미"
,"福利","복리후생"
,"离开","떠나다."
O,"离开战斗","전투 종료"
,"离开战斗不会消耗挑战次数","전투를 떠나면 도전 횟수를 소모하지 않는다"
O,"离开战斗会丢失已获得的战利品","전투를 끝내면 얻은 전리품을 받지 못합니다."
,"离开试玩","시연을 떠나다"
,"离线","오프라인"
,"离线战报","오프라인 전보"
,"离线时战斗继续","오프라인에는 전투가 계속된다."
,"私聊","사담"
,"科技","과학 기술"
,"科研密钥","과학 연구 키"
,"积分","적분"
,"积分奖励","마일리지 인센티브"
,"称号","칭호"
,"稀有及以下","희귀한 것과 그 이하."
,"稀有度","희소도"
,"空月祝福","빈 달의 축복"
,"空闲中","한가한 중"
,"空降","공수"
,"空降师团","공수 사단"
,"空降师团的空降师团的空降师团的空降师团的空降师团的空降师团的空降师团的空降师团的空降师团的空降师团的空降师团的空降师团的空降师团的空降师团的空降师团的空降师团的空降师团的空降师团的空降师团的空降师团的空降师团的空降师团的空降师团的空降师团的空降师团的空降师团的空降师团的师团的空降师团的师团的空降师团的","공수사단의 공수사단 공수사단 공수사단 공수사단 공수사단 공수사단 공수사단 공수사단 공수사단 공수사단 공수사단 공수사단 공수사단 공수사단 공수사단 공수사단 공수사단 공수사단 공수사단 공수사단 공수사단 공수사단 공수사단 공수사단 공수사단 공수사단 공수사단 공수사단 공수사단 공수사단 공수사단 공수사단 공수사단 공수사단 공수사단 공수사단 공수사단 공수사단 공수사단 사단 사단 공수사단 사단 공수사단 사단 공수사단 사단 사단 공수사단 사단 사단 사단 사단 사단 사단 공수사단 공수사단 공수사단 사단 사단 사단 사단 사단 사단 사단 사단 사단 사단 사단 사단 사단 사단 공수사단 공수사단 공수사단 공수사단 공수사단 공수사단 공수사단 공수사단 공수사단 공수사단 공수사단 공수사단 공수사단 공수"
,"穿戴者","착용자"
,"立即刷新","바로 새로 고침"
,"立即前往","바로 가다"
,"立即完成","즉시완성"
,"竞技场","경기장"
,"竣工用时","준공 소요시간"
,"第一名","일등"
,"第一周","첫째 주"
,"第一章","제1장"
,"第一章 骨化形销","제1장 골화형소"
,"第一轮","제1라운드"
,"第一阶段","제1단계"
,"第七代高速核心组","제7세대 고속핵심팀"
,"第三名","3등"
,"第三周","셋째 주"
,"第三赛季","제3시즌"
,"第三阶段","제3단계"
,"第二名","2등"
,"第二周","둘째 주"
,"第二轮","제2라운드"
,"第十三层","13층"
,"第四","넷째"
,"第四赛季","네 번째 시즌"
,"第05层","제05층"
,"等级","등급"
,"等级上限提升","등급상한선 인상"
,"等级已到上限","등급 상한선 도달"
,"等级已达到上限","등급이 이미 상한에 이르렀다"
,"等级提升","등급상승"
,"等级正序","등급순서"
,"等级限制","등급제한"
,"等级限制：","등급 제한:"
,"策划自己配","자기 배급을 기획하다"
O,"筛选","필터"
,"签到人数：","서명자 수:"
,"签到率奖励将在第二天签到时发放","출석체크 인센티브는 다음날 출석체크 시 지급된다"
,"签名相关功能暂时关闭。
<size=12>——ARTERY GEAR</size>","서명 관련 기능이 일시 꺼졌습니다.
<size=12>—— ARTERY GEAR</size>"
,"签名相关功能暂时关闭签到签到签到签到签到","서명 관련 기능은 출석 체크를 잠시 중지합니다."
,"简介","간단한 소개"
,"管理","관리"
,"管理师团","관리 사단"
,"米尔维斯","밀비스"
,"米尔维斯居高临下对地面进行密集轰击造成150%的超强物理伤害，眩晕2000回合大师士大夫","밀비스가 고공에서 지상을 밀집 폭격해 150%의 강력한 물리상해를 입힌 2000라운드 닥터스"
,"米尔维斯
居高临下
对地面进行密集轰击
造成150%的超强物理伤害，
眩晕2000回合
大师士大夫","밀비스
높은 곳에서 아래를 내려다보다
지면에 대해 밀집 폭격을 가하다
150%의 강력한 물리적 피해를 입히고
아찔 2000 라운드
대사 사대부"
,"米歇尔","미셸"
,"类型","종류"
,"精英","엘리트"
,"系统公告","시스템 공지"
,"系统已就绪","시스템이 이미 준비되었다"
,"系统频道不能发言，请切换到其他功能频道","시스템 채널은 발언할 수 없습니다. 다른 기능 채널로 전환하십시오"
,"系谱","계보"
,"系谱关系总览","계보관계총람"
,"系谱加成","계보를 더하다."
,"系谱加成：","계보 가산:"
,"系谱构成","계보 구성"
,"素材装备","소재 장비"
,"素材装备已强化，若要合成，素材装备将会消失，装备强化等级将不会进行合成","소재 장비가 강화돼 합성을 하려다 보면 소재 장비가 사라지고 장비 강화 등급은 합성을 하지 않는다."
,"紫","자색"
,"紫色及以上","보라색 이상"
,"紫色品质","퍼플 품질"
,"红点开关","레드닷 스위치"
,"约","대략"
,"纽带指令","유대 명령"
,"经典","경전"
,"经验值","경험치"
,"经验获取","경험 획득"
,"结晶不足。是否前往商店购买？","결정이 부족합니다. 상점에 가서 구매하시겠습니까?"
,"结晶存储上限","결정 저장 상한선"
,"结晶获取效率","결정 획득 효율"
,"结束时间:","종료 시간:"
,"给予支援的团员","후원하는 단원"
,"综合战力","종합전력"
O,"综合效能","종합 성능"
,"综合评价","종합평가"
,"绿","푸르다"
,"绿色底纹","그린 저지"
,"编织者","편직자"
,"编辑","편집하다"
O,"编队","대열 편성"
O,"编队中","대열 편성중"
,"编队位置","편대 위치"
,"编队功能解锁","편대 기능 잠금 해제"
O,"编队强化","편대 강화"
,"缺乏情报","정보 결핍되다"
,"罗伊斯","로이스"
,"罗德岛","로드아일랜드"
,"罗素","러셀"
,"置顶","지붕을 얹다"
,"耗时","시간이 걸리다"
,"耗时 04h","소요시간 04h"
,"聊天","채팅"
,"聊天设置","채팅 설정"
,"职业","직업"
,"职业构成","직업구성"
,"职位","직위"
,"联合作战","연합 작전"
,"联合作战本部","합동작전본부"
,"联盟","연맹"
,"背景","배경"
,"背景标题介绍","배경 제목 소개"
,"背景音乐","배경음악"
,"背水","배수진"
,"背水一战","배수진을 치다"
O,"胜利","승리"
,"胜率","승률"
,"胡萝卜中队","당근 중대"
,"能源系统","에너지 시스템"
,"能量","에너지"
,"能量恢复满还需:","에너지가 가득 차려면:"
O,"脱离战线","전선 이탈"
O,"自动战斗","자동 전투"
O,"自动战斗奖励双倍","자동 전투 보상 2배"
O,"自动挑战","자동 도전"
O,"自动编队","자동 편대"
O,"自动补充体力","자동 체력 보충"
O,"自动贩售装备","자동 장비 판매"
,"自动退役战姬","자동퇴역전희"
,"自动AI设置","자동 AI 설정"
,"自定义","사용자 정의"
,"自我介绍","자기 소개"
,"自由加入","자유가입"
,"自由进入","자유진입"
,"舒适度","쾌적도"
,"舒适度累计用家具","쾌적도 누계용 가구"
,"航海印象儿童画","항해인상 어린이 그림"
,"航点一","항로 1"
,"航点奖励","항공운항 장려금"
,"航点5-1","운항점 5-1"
,"航队","항로대"
,"舰队","함대"
,"舰队任务","함대 임무"
,"舰队声望","함대의 명망"
,"舰队指令","함대 명령"
,"艾丽卡","엘렉트라"
,"艾欧","아이오"
,"花费","쓰다"
,"苍晶","창정"
,"范围技能","범위 기능"
,"荣誉","영예"
,"获取","획득"
,"获取冶金齿轮","야금 기어 획득"
,"获取几率","획득 확률"
,"获取途径","획득 경로"
,"获取金币","금화 획득"
O,"获得","획득"
O,"获得分数","점수 획득"
,"获得头像","프로필 사진 획득"
O,"获得时间","기간획득"
O,"获得角色","캐릭터획득"
,"获得途径","획득 경로"
O,"获得随机物品","무작위 물품 획득"
,"获得顺序","획득 순서"
,"获得10个科研星星","10개의 과학 연구 별을 획득"
,"获得11个","11개 획득"
,"获得300钻石","300 다이아몬드 획득"
,"菲特","피트"
,"菲特·哈洛温","피터 할로윈"
,"菲特哈洛温","핏할로윈"
,"萨维尔","사벨"
,"蓝","란"
,"蓝色及以上","블루 이상"
,"蕾拉","레일라"
,"蕾拉从高空瞄准敌人进行圆弧设计，对地方全体目标造成伤害，伤害由我放全体目标攻击力和地方最大生命值决定。我方全体目标64共计里上身","레일라는 높은 상공에서 적을 향해 원을 그리며 설계되어 지방 전체 목표물에 피해를 주고, 상처는 내가 전체 목표 공격력과 지방의 최대 생명치를 놓고 결정한다.우리 측 전체 목표 64 합계 리상"
,"虚幻套装","판타지 세트"
,"蜘蛛特工","스파이더 공작원"
,"蝠音猎人","박쥐소리 사냥꾼"
,"行动力最大持有量增加10","행동력 최대 보유량 10 증가"
,"行星轮滚柱离","행성 로터리"
,"表情","표정"
,"被锁定的装备不可贩卖和作为强化材料","고정된 장비는 판매 불가 및 강화재로 사용"
,"裂缝章鱼","금이 간 낙지"
,"装备中","장비 중"
,"装备合成提示","장치 합성 알림"
,"装备品质","장비 품질"
,"装备强化成功","장비 강화 성공"
,"装备星级","장비 등급"
,"装备等级","장비 등급"
,"装备箱","장비함"
,"装备类型","장치 종류"
,"装备自动贩卖选项","장비 자동판매 옵션"
,"装备贩卖件数","장비 판매 건수"
,"装备","장비"
,"装备贩卖所得","장비 판매 수익"
,"装甲材料","장갑재"
,"装载","적재"
,"装载消耗","적재소모"
,"西日","서일"
,"覆盖现有方案","기존 프로젝트 덮어쓰기"
,"觉醒","각성"
,"角色名","캐릭터명"
,"角色名字七个字","캐릭터 이름 일곱 글자"
,"角色名字八个字","캐릭터 이름 여덟 글자"
,"角色名有八个字啊","캐릭터명이 여덟 글자네요"
,"角色名要八个字啊","배역명은 여덟 글자로 하는구나"
,"角色码：","캐릭터 코드:"
,"角色简介","캐릭터 소개"
,"角色获取锁定","캐릭터 잠금 가져오기"
,"角色行动中","캐릭터 행동 중"
,"角色贩卖件数","캐릭터 판매 건수"
,"角色","역할"
,"角色贩卖所得","캐릭터 판매 수익"
,"解剖傀儡，一二三四，一二三四","꼭두각시 해부, 하나둘 셋 넷, 하나둘 셋 넷"
,"解锁","잠금 해제"
,"解锁此碎片需要PT达到10000","이 조각을 잠금 해제하려면 PT가 10,000이 되어야 합니다"
,"解锁特级奖励","특급 장려금의 자물쇠를 풀다."
,"触摸关闭","터치 닫기"
,"训练时开启","훈련 시 켜기"
,"训练模式","훈련 모드"
,"设为默认","기본값으로 설정"
,"设备部署","설비 배치"
,"设置","설정"
O,"设置支援队伍","지원 부대 설정"
,"设置条件","설정 조건"
O,"设置编组","편성 설정"
,"访问","접근"
O,"评价","평가"
,"评议会任务","의회 임무를 평정하다."
,"词条项目","표제어 항목"
O,"试用角色","시범 사용"
,"该层已通过","그 층이 이미 통과되었다."
,"该层未解锁","이 레이어는 잠금장치가 해제되지 않았습니다."
O,"该礼包","선물함"
,"该角色科技等级达到3方可开启评论哦。","이 캐릭터는 3등급이 돼야 리뷰를 시작할 수 있습니다."
,"该阶段未解锁","이 단계에서는 잠금이 해제되지 않았습니다."
,"详细信息","상세 정보"
,"详细数据","상세 데이터"
,"语音","음성"
,"语音资料","음성 자료"
,"语音音量","음성 음량"
O,"说明","설명"
,"请先添加主要装备","주요 장비를 먼저 추가하세요"
,"请多指教","많은 지도 부탁드립니다"
,"请完成上一阶段","이전 단계를 완성하세요"
,"请放入主要装备，主要装备的附加属性词条被素材装备的附加属性词条完全替换","주요 장비를 넣고 주요 장비의 부가 속성 표제어를 소재 장비의 부가 속성 표제어로 완전히 교체해 주십시오"
,"请求数量:","요청 수:"
,"请稍候","잠시만 기다려주세요"
,"请输入兑换码","환전코드를 입력해주세요"
,"请输入您的生日","생일을 입력해 주세요"
,"请输入您的账号","계정을 입력하십시오"
,"请输入新的名字（8个字以内）","새로운 이름(8자 이내)을 입력하세요"
,"请输入新的指挥官名称","새 지휘관 이름을 입력하십시오"
,"请输入方案名称","프로젝트 이름을 입력하십시오"
,"请输入本次测试的激活码","이번 테스트의 활성화 코드를 입력해주세요"
,"请输入玩家真实ID","플레이어 실제 ID를 입력해주세요"
,"请输入频道号( 1-200 )","채널 번호를 입력하세요 (1-200)"
,"请输入12位礼包码","12비트 선물세트 코드를 입력하세요"
,"请选择指挥官形象","지휘관 이미지를 선택해 달라."
,"请选择登录方式","로그인 방식을 선택하세요"
O,"调整位置","위치 조정"
,"负面效果免疫","역효과면역"
,"贡献度","기여도"
,"账号管理","계좌번호 관리"
,"账号：","계정:"
,"账户信息","계정 정보"
O,"购买","구매"
O,"购买体力","체력 구입"
O,"购买即可获得","구매시 획득 가능"
O,"购买后可以获得400最钻石","구매시 다이아몬드 400개 획득"
O,"购买后立即获得","구매 즉시 획득"
O,"购买后获得","구매 후 획득"
O,"购买招募券","모집권 구매"
O,"购买挑战次数","구매 도전 횟수"
O,"购买数量","구매수량"
O,"购买通行证","통행증 구매"
O,"购买金币","금화 구매"
,"购买1天","구매 1일"
,"购买7天","구매 7일"
,"资料未解锁","자료 미해금"
O,"资源下载","리소스 다운로드"
,"资源列表","자원 목록"
,"资源收取","자원수취"
,"资源舰状况","자원함 상황"
,"资源获取","자원 획득"
,"资金","자금"
,"资金商店","자금 상점"
,"赏金任务挑战次数 +1","현상금 임무 도전 횟수+1"
,"赛季名称","시즌명"
,"赛季排名","시즌 랭킹"
,"赛季积分","시즌 포인트"
,"赛季积分:","시즌 포인트:"
,"走向声音的方向","소리의 방향을 향하다"
,"超过期限邮件将被删除","이메일은 기한이 지나면 삭제된다"
,"距离下个奖励","다음 보상까지"
,"距离作战结束","거리 작전 종료"
,"距离开始 21时","거리 시작 21시"
,"距离排异8回合","거리배정 8라운드"
,"距离活动结束还有12天","행사 종료 12일 남았다"
,"距离BOSS撤退还有 07是 32分","보스 철수까지 07은 32점"
,"跳出好感度演出","호감도 연출"
,"跳过","건너뛰다"
,"跳过教学","수업을 건너뛰다"
,"踢出公会","조합을 차내다"
,"躯干校准","몸통 교정"
,"转头空。青山依旧在，几度夕阳红。白发渔樵江渚上，掼看秋月春风。一壶浊酒喜相逢。古今多少事","허공에 떴다. 푸른 산은 여전히 남아 있고 석양은 몇 번이나 붉다.백발이 되어 나무꾼 강둑에 올라 가을 봄바람을 타다.탁주 한 주전자 만남이 반갑다.고금을 막론하고 얼마나 많은 일인가."
,"转移完成","이전완료"
O,"输入以搜素","검색어 입력"
,"输入您的生日","생일을 입력하십시오"
,"输入方案名称","프로젝트 이름 입력"
O,"返回","뒤로"
O,"返回基地","기지로 돌아가기"
,"返回游戏","게임으로 되돌리기"
O,"还原","원복"
,"这是一张图片","이것은 한 장의 그림이다."
,"这里只是一句台词。","이것은 단지 대사 한 줄일 뿐이다."
,"这里只是一句台词。这里只是一句台词。这里只是一句台词。这","이것은 단지 대사 한 줄일 뿐이다.이것은 단지 대사 한 줄일 뿐이다.이것은 단지 대사 한 줄일 뿐이다.이"
,"这里只是一句台词。这里只是一句台词。这里只是一句台词。这这里只是一句台词。这里只","이것은 단지 대사 한 줄일 뿐이다.이것은 단지 대사 한 줄일 뿐이다.이것은 단지 대사 한 줄일 뿐이다.여기서는 한 마디 대사일 뿐이다.여기까지만"
,"这里只是一句台词。这里只是一句台词。这里只是一句台词。这这里只是一句台词。这里只是一句台词。","이것은 단지 대사 한 줄일 뿐이다.이것은 단지 대사 한 줄일 뿐이다.이것은 단지 대사 한 줄일 뿐이다.여기서는 한 마디 대사일 뿐이다.이것은 단지 대사 한 줄일 뿐이다."
,"这里可以写描述文字","여기에 묘사를 쓸 수 있다"
,"这里可能有文字也可能没有，编队功能介绍编队功能介绍编队功能介绍这里可绍这能有文字也可能没有，编队功能介绍编队功能介绍编队功能介绍绍编队功能介绍介绍编队功能介绍","여기에 글자가 있을 수도 있고 없을 수도 있고, 편대 기능 소개 편대 기능 소개 여기 소개 글자가 있을 수도 없고, 편대 기능 소개 편대 기능 소개 편대 기능 소개 편대 기능 소개 편대 기능 소개 편대 기능 소개 편대 기능 소개 소개 소개 편대 기능 소개 소개 소개"
,"这里是名字最长度","여기가 이름 최길이"
,"这里还没有评论哦，来做第一个评论的指挥官吧~","여기엔 아직 리뷰가 없습니다. 첫 리뷰 지휘관이 되어보세요."
O,"进入战斗","전투돌입"
,"进度","진도"
O,"进攻","공격"
O,"进攻胜率","공격 승률"
O,"进攻配置","공격 배치"
O,"进行战姬强化","전희 강화 진행"
O,"进阶奖励","업그레이드 보상"
,"进阶积分","진계적분"
,"连接中","연결 중"
,"连续30日，每日登陆获得","30일 연속, 매일 접속 획득"
,"迷宫商店","미로 상점"
,"退出同盟会有24小时冷却时间","동맹 탈퇴 24시간 냉각될 듯"
O,"退出师团","사단 탈퇴"
,"退出游戏","게임 종료"
,"退出账号并回到标题界面","계정을 종료하고 제목 인터페이스로 돌아갑니다"
O,"退役","퇴역"
O,"退役获得","퇴역"
,"适龄提示","적령기 제시"
,"逆商氪","역상 크립톤"
,"选中的素材战姬中含有【五星】或以上的战姬
请输入YES以确认该操作","선택된 소재 전희에는 [오성] 혹은 이상의 전희가 포함되어 있다
이 작업을 확인하기 위해 YES를 입력해 주세요"
O,"选择","선택"
,"选择中","선택 중"
,"选择星级","성급 선택"
,"选择本次升级解锁的设施","이번 업그레이드에서 잠금해제 시설 선택"
O,"选择等级","등급 선택"
O,"选择道具","아이템 선택"
,"选项一，我是谁","옵션 하나, 내가 누구인지"
,"选项三，我是谁","옵션 셋, 내가 누구인가"
,"选项二，我是谁","옵션 2 내가 누구인지"
O,"通关10-4(困难)解锁","스테이지 10-4 (어려움) 클리어 후 잠금 해제"
O,"通讯中...","통신 중..."
O,"通过","통과"
O,"速度","속도"
O,"速度套装","속도 세트"
O,"速度套装 (1/4)","속도 세트(1/4)"
O,"速度提升 15%","속도 +15%"
,"速攻值减少","속공치 감소"
,"造成攻击力60%的伤害，无视70%的防御力
根据添加烧伤状态时攻击者的攻击力计算","공격력 60%손상, 방어력 70%무시
화상 상태 추가 시 공격자의 공격력에 따라 계산"
O,"道具支援","아이템 지원"
,"遣状况","상황을 파견하다"
O,"遭遇傀儡师","괴뢰사를 만나다"
O,"遭遇敌对AG","적대AG 조우"
O,"遭遇BOSS再释放技能","보스 조우시 스킬 사용"
O,"邀请","초대"
O,"邀请列表","초대장 목록"
O,"邮件","우편"
O,"部署开始","배치 시작"
O,"配置一名重装型战姬完成关卡","중장형 AG 한 명 배치하고 스테이지 클리어"
O,"配置1名重装型战姬通关条件","중장형 AG 한 명 배치하고 스테이지 클리어"
O,"释放条件","사용 조건"
O,"释放顺序","사용 순서"
,"释放顺序的解释释放顺序的解释释放顺序的解释释放顺序的解释释放顺序的解释释放顺序的解释释放顺序的解释","석방순서를 해석해석방순서를 해석해석방순서를 해석해석방순서를 해석해석방순서를 해석해석방순서를 해석해석방순서를 해석해석방순서를 해석해석방순서로 해석한다."
O,"重复对战奖励","반복하여 대전을 장려하다."
,"重复挑战同一玩家超过2次
不会在获得奖励积分","같은 플레이어에 2번 이상 재도전
보너스 포인트는 더 이상 받지 않습니다"
O,"重置","재설정"
O,"重置奖励","재설정 보상"
O,"重置消耗","재설정 소모"
O,"重置规则","재설정 규칙"
O,"重装型战姬","중장형 AG"
O,"重要奖励","중요 보상"
O,"重试","재시도"
O,"金","금"
,"金币存储上限","금화저장상한액"
,"金币获取效率","금화 획득 효율"
,"金色","금색"
,"金色词条数量","금색 표제어 수"
,"钻石钻石","다이아몬드 다이아몬드"
,"铁笼姬","철롱희"
,"锁定","LOCK"
,"锻米尔科研会","단조미르 과학 연구회"
,"锻素结晶","단조 결정"
,"问卷I","설문 I"
O,"队","팀"
O,"队伍","부대"
O,"队伍得分","부대 점수"
O,"队伍成员","부대 구성원"
O,"队伍1","부대 1"
O,"队伍2","부대 2"
O,"队伍3","부대 3"
O,"队伍4","부대 4"
O,"队伍5","부대 5"
,"防务赛季","디펜스 시즌"
,"防卫","방위하다"
,"防卫蜘蛛","방위거미"
O,"防守","방어"
,"防守胜率","수비 승률"
,"防守配置","수비 설정"
O,"防御","방어"
O,"防护系统","방호 시스템"
,"防空傀儡","방공 꼭두각시"
,"阵线","전선"
,"阵线之子","전선의 아이"
,"阵线任务","전선 임무"
,"阵线卫队","전선 수비대"
,"阵线联合","전선 연합"
,"阵线设施作战","전선 시설 작전"
,"阶段Ⅰ","단계Ⅰ"
,"阿努比斯","아누비스"
,"阿尔卑斯山峰军事","알프스 산 군사"
,"阿松大","아송다"
O,"附加属性1","추가 속성 1"
,"附加属性1
颜色限制","추가 속성 1
색상 제한"
O,"附加属性2","추가 속성 2"
,"降序","강하서"
O,"限时任务","기간 한정 임무"
O,"限时活动","기간 한정 이벤트"
,"限购说明","구매제한 설명서"
O,"随机属性","무작위 속성"
O,"随机获取2-4种副属性","무작위로 2-4가지 서브 속성 가져오기"
O,"随机1条主属性","무작위 1개 메인 속성"
,"隐私政策","프라이버시 정책"
O,"隐藏","숨김"
O,"雷达校准","레이더 조정"
,"需求工会达到 10 级","수요 노조가 10급에 달하다"
O,"需求材料","필요한 재료"
O,"需要","필요"
,"需要战姬等级：30","필요전희등급:30"
,"需要探索等级","탐색 등급 필요"
,"需要 24h","24시간 소요"
,"非常规集束炸弹","비상식 집속탄"
,"音效音量","음향 음량"
,"预约奖励","예약 인센티브"
,"预计消耗","예상 소모"
O,"领取","수령"
O,"领取全部","전부 수령"
,"领取期限：","수령기한:"
,"频道","채널"
,"额外获得","추가 획득"
,"食堂","식당"
O,"餐厅","레스토랑"
,"首充双倍","초회두배"
,"首杀","첫 공격"
,"首次","처음"
,"首次双倍","초회두배"
,"首次获得角色锁定","첫 번째 캐릭터 잠금 받기"
,"驱动骨架","구동골격"
,"验证文件完整性","파일 완전성 검증"
,"骨架学院","골조학원"
,"骷髅涂鸦","해골 낙서"
,"高","높다"
,"高级作战记录","고급 작전 기록"
O,"高级指令","고급지령"
,"高级材料（当前持有1000）","고급 재료(현재 보유 1000)"
,"高额奖励结束后
开启支持代理作战的不限次关卡","고액 인센티브가 끝난 후
대리전 지원 무제한 관문 열어"
,"高高高高高高高高高高高高高高高高高高高高高高高高","높이높이높이높이높이높이높이높이높이높이높이높이높이높이높이높이높이높이높이높이높이높이높이높이높이"
O,"魔法少女","마법소녀"
O,"魔法少女菲特","마법소녀 피터"
O,"魔法少年菲特","마법소년 피터"
O,"魔贯光杀炮","마관광살포"
O,"鹰身","하피"
O,"鹰身女妖","하피"
O,"黄金级","골드 등급"
,"黄金I","골드I"
,"黄金VI","골드VI"
,"黑名单","블랙리스트"
,"黑胶炸鸡","흑교치킨"
,"默认","묵인"
,"默认排序","기본 정렬"
,"ꇹꇹ※会依填写的日期举行特别的庆典","ꇹꇹ ※ 기입한 날짜에 따라 특별한 축제가 진행됩니다"
,"（单选）","(단선)"
,"（可多选）","(복수응답)"
,"，其中含有5","5가 들어있다."
O," 升级设施"," 시설 업그레이드"
O," 收取资源"," 자원 수령"
,"  妮娜已被移除群聊","니나는 이미 단체 채팅에서 제외되었다."
O,"   声音","   소리"
O,"    当前派遣等级","    현재 파견 레벨"
O,"(剩余时间1天23时24分)","(남은 시간 1일 23시 24분)"
,"( 其中包含1次免费次数 )","(공짜 횟수 1회 포함)"
,"( 包含1次免费)","(1회 무료 포함)"
O,"(4件时可用)","(4개일 때 사용 가능)"
O,"+25友情点","+25우정포인트"
O,"+9解锁","+9해제"
O,"-暂无-","-없음-"
O,"-暂时没有收到邮件-","-우편물을 받지 못했습니다-"
O,"-未上榜-","-순위권 외-"
O,"- 无限制 -","-무제한-"
O,"/ /    开 始 转 移    / /","/ /    이동 시작    / /"
,"//通讯系统离线","// 통신 시스템 오프라인"
,"//额外能力提升","// 추가 능력 향상"
O,"// 替换","// 바꾸기"
,"//////暂未开启///////","/////가 켜지지 않음 ////////"
,"0伤害 0 占比","0 손실 0 비율"
,"0%-50% 战姬生命力增加30￥","0-50%AG 생명력 +30%"
O,"1次兑换","1회교환"
,"1.未满8周岁用户无法充值2.未实名用户无法充值3.8周岁以上未满16周岁用户，单次充值不得超过50元4.8周岁以上未满16周岁用户，每月累计充值不能超过200元5.16周岁以上未满18周岁用户，单次充值不得超过100元6.16周岁以上未满18周岁用户，每月累计充值不能超过400元","1. 만 8세 미만 사용자는 충전할 수 없습니다2. 미실명 사용자는 충전할 수 없습니다만 3.8세 이상 만 16세 미만 가입자는 단회 충전으로 50원을 초과할 수 없습니다.만 4.8세 이상 만 16세 미만 가입자는 매월 누적 충전액이 200원을 넘을 수 없습니다.5.16세 이상 18세 미만 가입자는 단회 충전으로 100원을 초과할 수 없습니다.6. 만 16세 이상 만 18세 미만 가입자는 매월 누적 충전액이 400원을 넘을 수 없습니다."
,"10件","열 건"
,"10小时34分59秒 后刷新对手","10시간 34분 59초 만에 새 출발"
O,"10小时","10시간"
,"10日内每日可获得特殊任用许可*1","10일 이내 매일 특수임용허가 *1"
O,"10次（失败0次）","10회(0회 실패)"
,"10次","열 번"
,"10次兑换","열 번 환전"
O,"10级以上","10레벨 이상"
O,"10-05 04:00 至 11-09 04：00","10-054:00~11-094:00"
,"11天后结束售卖","11일 후 판매 종료"
,"123阿斯蒂芬程序阿萨的风险资产v阿斯蒂芬现场v阿斯蒂芬","123 아스티펜 프로그램 아사의 위험자산 v 아스티펜 라이브 v 아스티펜"
O,"14天23小时31分","14일 23시간 31분"
,"15时15分","15시 15분"
,"15 秒","15초"
O,"2星及以下","2성급 이하"
O,"20级以上","20급 이상"
O,"2020年12月25日 [一]  20:30","2020년 12월 25일 [一] 20:30"
O,"2020年4月1日","2020년 4월 1일"
O,"2020/5/23 下架","2020/5/23 하대"
O,"20H20m后过期","20H20m 후 만료"
O,"20h 20m 后过期","20h 20m 후 만료"
O,"22时54分刷新","22시 54분 갱신"
O,"3小时后重置次数","3시간 후 횟수 리셋"
O,"3星及以下","3성급 이하"
O,"30级以上","30레벨 이상"
O,"4星及以下","4성급 이하"
,"4-1  登入华盛顿","4-1 워싱턴 입성"
O,"40级以上","40레벨 이상"
O,"5天23小时12分","5일 23시간 12분"
O,"5星及以下","5성급이하"
O,"5月2日 16:00 - 5月4日 6:00","5월 2일 16:00-5월 4일 6:00"
O,"50级以上","50레벨 이상"
,"5000分以上","오천점 이상"
,"6连胜
奖励加成","6연승
장려금 할증"
O,"60级以上","60레벨 이상"
,"7天20时","7일 20시"
,"7日签到奖励","7일에 서명하여 포상하다"
O,"8分前","8분전"
,"99 条未读 点击前往最新消息","99건의 읽지 않고 최신 소식으로 가기 클릭"
,"<机动战姬：聚变>运营团队","<机动战姬：聚变>운영팀"
O,"<size=25>60Fps</size><size=18>(高帧率会导致过热)</size>","<size=25>60Fps</size><size=18>(높은 프레임의 경우 과열로 이어질 수 있음</size>"
,"<size=28>您当前在商店中能获得的最高装备星级为%d星</size>","<size=28>현재 스토어에서 얻을 수 있는 최고 장치 별%d 별</size>"
,"<size=35>×</size>   请 添 加 装 备   <size=35>×</size>","<size=35>×</size>장비를 좀 더 넣어 주세요.<size=35>×</size>"
O,"AG-34 夏洛蒂","AG-34 샬로티"
O,"AGR-01 火之魔法少女","AGR-01 불의 마법소녀"
,"B组","B그룹"
,"CD: 4回合","CD: 4라운드"
O,"CP消耗: 150","CP 소모량: 150"
,"DIY模式","DIY 모드"
,"DIY设置组","DIY 설정 그룹"
,"HP残余","HP 잔재"
,"IV型[灵觉]","IV타입[영각]"
O,"Lv.30解锁","Lv.30 해제"
O,"MVP角色","MVP 캐릭터"
,"RANK提升提示","RANK 향상 도움말"
,"T2·赤血玉钢","T2. 적혈옥강"
O,"UP名称:UP属性说明","UP 이름: UP 속성 설명"
O,"YES （不区分大小写）","YES(대소문자 구분 없음)"
,"[免费次数刷新 %.2d:34:22]","[무료 횟수 갱신%2d:34:22]"
,"[双方生效]:所有角色的范围伤害有35%几率眩晕目标1回合","[양측발효] : 모든 캐릭터의 범위상해 35%의 현기증 타겟 1라운드"
,"[点击加载更多战报]","[더 많은 전보 불러오기 클릭]"
,"[ 剩余次数 3/5]","[나머지 횟수 3/5]"
